[
  {
    "patient_id": "P001",
    "profile_photo": "https://example.com/photos/p001.jpg",
    "name": "John Doe",
    "gender": "Male",
    "age": 45,
    "email": "john.doe@example.com",
    "phone_no": "+1234567890",
    "past_appointments": "10 Jan 2023",
    "lab_tests": "Blood Test, X-Ray",
    "book_appointments": "15 Jun 2024",
    
        "appointment_id": "A001",
        "date": "2024-06-15",
        "doctor": "Dr. Smith",
        "treatment_type": "Checkup",
        "booking_time": "10:00 AM",
        "comments": "No Comments",
        "payment_action": "Paid",
        "created_date":"11/02/23",
        "service_type":"imaging",
        "service_name":"online",
        "total_amount":"12200"
    
  },
  {
    "patient_id": "P002",
    "profile_photo": "https://example.com/photos/p002.jpg",
    "name": "Jane Smith",
    "gender": "Female",
    "age": 37,
    "email": "jane.smith@example.com",
    "phone_no": "+0987654321",
    "past_appointments": "20 Feb 2023",
    "lab_tests": "MRI, Blood Test",
    "book_appointments": "20 Jun 2024",
    
        "appointment_id": "A002",
        "date": "2024-06-20",
        "doctor": "Dr. Johnson",
        "treatment_type": "Dental",
        "booking_time": "11:30 AM",
        "comments": "No Comments",
        "payment_action": "Pending",
        "created_date":"11/02/23",
        "service_type":"imaging",
        "service_name":"online",
        "total_amount":"12200"
     
  },
  {
    "patient_id": "P003",
    "profile_photo": "https://example.com/photos/p003.jpg",
    "name": "Robert Brown",
    "gender": "Male",
    "age": 50,
    "email": "robert.brown@example.com",
    "phone_no": "+1122334455",
    "past_appointments": "05 Mar 2023",
    "lab_tests": "Ultrasound, Blood Test",
    "book_appointments": "25 Jun 2024",
    
        "appointment_id": "A003",
        "date": "2024-06-25",
        "doctor": "Dr. White",
        "treatment_type": "MRI",
        "booking_time": "02:00 PM",
        "comments": "No Comments",
        "payment_action": "Paid",
        "created_date":"14/02/23",
        "service_type":"imaging",
        "service_name":"online",
        "total_amount":"12200"
     
  },
  {
    "patient_id": "P004",
    "profile_photo": "https://example.com/photos/p004.jpg",
    "name": "Emily Davis",
    "gender": "Female",
    "age": 29,
    "email": "emily.davis@example.com",
    "phone_no": "+2233445566",
    "past_appointments": "15 Apr 2023",
    "lab_tests": "Blood Test, ECG",
    "book_appointments": "30 Jun 2024",
  
        "appointment_id": "A004",
        "date": "2024-06-30",
        "doctor": "Dr. Black",
        "treatment_type": "Blood Test",
        "booking_time": "09:00 AM",
        "comments": "No Comments",
        "payment_action": "Pending",
        "created_date":"11/03/13",
        "service_type":"imaging",
        "service_name":"online",
        "total_amount":"12200"
   
  },
  {
    "patient_id": "P005",
    "profile_photo": "https://example.com/photos/p003.jpg",
    "name": "Robert Brown",
    "gender": "Male",
    "age": 50,
    "email": "robert.brown@example.com",
    "phone_no": "+1122334455",
    "past_appointments": "05 Mar 2023",
    "lab_tests": "Ultrasound, Blood Test",
    "book_appointments": "25 Jun 2024",
    "appointment_id": "A005",
    "date": "2024-06-15",
    "doctor": "Dr. Smith",
    "treatment_type": "Checkup",
    "booking_time": "10:00 AM",
    "comments": "No Comments",
    "payment_action": "Paid",
    "service_type":"imaging",
    "service_name":"online",
    "total_amount":"32200"

   
  },
  {
    "patient_id": "P006",
    "profile_photo": "https://example.com/photos/p004.jpg",
    "name": "Emily Davis",
    "gender": "Female",
    "age": 29,
    "email": "emily.davis@example.com",
    "phone_no": "+2233445566",
    "past_appointments": "15 Apr 2023",
    "lab_tests": "Blood Test, ECG",
    "book_appointments": "30 Jun 2024",
    "appointment_id": "A006",
    "date": "2024-06-15",
    "doctor": "Dr. Smith",
    "treatment_type": "Checkup",
    "booking_time": "10:00 AM",
    "comments": "No Comments",
    "payment_action": "Paid",
    "service_type":"imaging",
    "service_name":"online",
    "total_amount":"232200"

   
  },
  {
    "patient_id": "P007",
    "profile_photo": "https://example.com/photos/p003.jpg",
    "name": "Robert Brown",
    "gender": "Male",
    "age": 50,
    "email": "robert.brown@example.com",
    "phone_no": "+1122334455",
    "past_appointments": "05 Mar 2023",
    "lab_tests": "Ultrasound, Blood Test",
    "book_appointments": "25 Jun 2024",
    "appointment_id": "A007",
    "date": "2024-06-15",
    "doctor": "Dr. Smith",
    "treatment_type": "Checkup",
    "booking_time": "10:00 AM",
    "comments": "No Comments",
    "payment_action": "Paid"

    
  },
  {
    "patient_id": "P008",
    "profile_photo": "https://example.com/photos/p004.jpg",
    "name": "Emily Davis",
    "gender": "Female",
    "age": 29,
    "email": "emily.davis@example.com",
    "phone_no": "+2233445566",
    "past_appointments": "15 Apr 2023",
    "lab_tests": "Blood Test, ECG",
    "book_appointments": "30 Jun 2024",
    "appointment_id": "A008",
    "date": "2024-06-15",
    "doctor": "Dr. Smith",
    "treatment_type": "Checkup",
    "booking_time": "10:00 AM",
    "comments": "No Comments",
    "payment_action": "Paid"
    

   
  }
]
